program_image_url,university_name,level,program_name,destination,location,campus_city,tuition_1st_year,application_fee,duration,success_rate,intake_terms,deadlines,prerequisites,must_requirements,tags,source_url
//storage-prtl-co.imgix.net/endor/studies/293990/covers/1782728079_malta-cover.png,University of Malta,M.Sc.,Digital Games,Malta,"Msida, Malta",Msida,13400 EUR / year (International); Free (EU/EEA),Not specified,24 months,Not specified,2027-10-04,International: 2027-07-01; National: 2027-07-22; EEA/EU: 2027-07-22,"Bachelor degree from recognized university in Information Technology, Engineering, Communications, Humanities, Social Sciences, or other area deemed appropriate: required; Portfolio of recent works: required; Letter of motivation: required",Applicants must be in possession of a Bachelor degree from this University or from a university recognised by Senate for the purpose,Scholarships available (Funding): available; Game Design (Discipline): yes; Computer Sciences (Discipline): yes; 120 ECTS (Credits): 120,https://www.mastersportal.com/studies/155925/digital-games.html
//storage-prtl-co.imgix.net/endor/studies/340845/covers/1782728340_malta-cover.png,University of Malta,M.Sc.,Engineering (Mechanical),Malta,"Msida, Malta",Msida,8933 EUR / year (International); Free (EU/EEA),Not specified,18 months,Not specified,2026-10-05; 2027-10-05,2026-07-22 (National); 2027-07-01 (International),Bachelor of Engineering (Honours): Second Class Honours minimum OR Bachelor of Science (Honours): Second Class Honours in relevant subjects OR Bachelor degree with Third Class Honours in Engineering/relevant area plus qualifications/experience OR equivalent qualifications approved by Senate; GPA requirement: Lower Second Class; English proficiency: TOEFL IBT 95 OR PTE Academic 71 OR IELTS 6.5,Research-based postgraduate course: applicants encouraged to consult Faculty of Engineering to discuss research proposal prior to enrollment,Research-focused program (Program Type): dissertation-based; Engineering discipline (Subject Area): mechanical; Top university ranking (Institutional): Top 5% worldwide per Studyportals Meta Ranking; Scholarships available (Funding): various external scholarships listed; 90 ECTS credits (Credits): 90,https://www.mastersportal.com/studies/268431/engineering.html
https://storage-prtl-co.imgix.net/endor/studies/294076/covers/1782912301_malta-cover.png,University of Malta,M.Sc.,Strategic Management and Digital Marketing,Malta,"Msida, Malta",Msida,10800 EUR / year (International); Free (EU/EEA),Not specified,18 months,Not specified,2026-10-05; 2027-10-05,2026-07-22 (National); 2027-07-01 (International),Bachelor of Commerce with Category II: minimum 65% average in proposed area; Bachelor of Commerce Honours: Second Class Honours; Bachelor of Science Honours in Business and IT: Second Class Honours; GPA: Lower Second Class; TOEFL IBT: 95; PTE Academic: 71; IELTS: 6.5,Applicants must be in possession of the degree of Bachelor of Commerce from this University,Scholarships available (Funding): available; Top 5% worldwide (Ranking): yes; Digital Marketing (Discipline): yes; Marketing (Discipline): yes,https://www.mastersportal.com/studies/293819/strategic-management-and-digital-marketing.html
//storage-prtl-co.imgix.net/endor/studies/293825/covers/1782470975_malta-cover.png,University of Malta,M.Sc.,Blockchain and Distributed Ledger Technologies (Information and Communication Technology),Malta,"Msida, Malta",Msida,10000 EUR / year,Not specified,12 months (full-time); 24 months (part-time),Not specified,2026-09-29,Not specified,"Bachelor degree in Business, Economics, Finance, Law, Management, Information Technology or related field: at least Second Class Honours; English proficiency: TOEFL IBT 95 or PTE Academic 71 or IELTS 6.5; GPA: Lower Second Class minimum","Open to applicants in possession of a Bachelor degree from this University with at least Second Class (Honours) or Category II in the areas of Business, Economics, Finance, Law, Management, Information Technology, or in any other area which the Board deems appropriate",Scholarships available (Funding): available; Multi-disciplinary program (Curriculum Design): yes; ICT/Business/Law focus (Subject Area): yes,https://www.mastersportal.com/studies/293825/blockchain-and-distributed-ledger-technologies.html
https://storage-prtl-co.imgix.net/endor/studies/340074/covers/1782389303_malta-cover.png,University of Malta,Master,Accountancy,Malta,"Msida, Malta",Msida,10800 EUR / year (International); Free (EU/EEA),Not specified,24 months,Not specified,"October 4, 2027","July 1, 2027 (International); July 22, 2027 (National/EEA/EU)",Bachelor of Commerce with Accountancy as main area: Category II classification with minimum 60% average in Years 2-3 Accountancy units; Bachelor of Science (Honours) in Accountancy and Information Systems: at least Second Class Honours and minimum 60% in Accountancy units,Applicants must be in possession of the Bachelor of Commerce degree from this University with one of the two main areas of study being Accountancy,Scholarships available (Financial Aid): available; English proficiency required (Admission): TOEFL IBT 95/IELTS 6.5/PTE 71; On-campus delivery (Format): yes; 120 ECTS (Credits): 120,https://www.mastersportal.com/studies/293827/accountancy.html
https://storage-prtl-co.imgix.net/endor/studies/340651/covers/1782476849_malta-cover.png,University of Malta,Postgraduate Diploma,Dietetics,Malta,"Msida, Malta",Msida,13400 EUR / year (International); Free (EU/EEA),Not specified,12 months full-time,Not specified,"October 4, 2027","July 1, 2027 (International); July 22, 2027 (National/EEA/EU)",Bachelor's degree: at least Second Class Honours in suitable area of study; Evidence of professional license registration: may be required; Work experience in relevant field: may be required (specifics at application call),A Bachelor's degree obtained with at least Second Class Honours in an area of study deemed suitable by the Board,Scholarships available (Funding): available; On-campus delivery (Format): yes; 60 ECTS credits (Structure): 60; Nutrition & Dietetics focus (Subject): yes; Food Science component (Subject): yes; English-taught program (Language): yes,https://www.mastersportal.com/studies/293828/dietetics.html
https://storage-prtl-co.imgix.net/endor/studies/340594/covers/1782473199_malta-cover.png,University of Malta,M.Sc.,Cognitive Science,Malta,"Msida, Malta",Msida,13400 EUR / year (International); 1600 EUR total course fees (EU/EEA: Eur400 annual enrolment + Eur800 bench fees),Not specified,18 months,Not specified,"October 4, 2027","July 1, 2027 (International); July 22, 2027 (National/EEA/EU)",Bachelor's degree: at least Second Class Honours or Category II; Motivation letter: required; Interview: required; English proficiency: IELTS 6.5 or TOEFL IBT 95 or PTE Academic 71,"Applicants must be in possession of a Bachelor's degree from this University, or from any other university approved by Senate for this purpose, obtained with at least Second Class Honours or Category II",Scholarships available (Funding): available; Interdisciplinary study (Subject Area): yes; On-campus delivery (Format): yes,https://www.mastersportal.com/studies/293832/cognitive-science.html
https://storage-prtl-co.imgix.net/endor/studies/294029/covers/1782730621_malta-cover.png,University of Malta,M.Sc.,Food Sciences and Nutrition,Malta,"Msida, Malta",Msida,13400 EUR/year (International); Free (EU/EEA),Not specified,18 months,Not specified,"October 5, 2026; February 9, 2027; June 8, 2027","Not specified; January 30, 2027; Not specified",Bachelor of Science (Honours): at least Second Class from Faculty of Health Sciences in related field OR Bachelor's degree with Second Class (Honours) in closely related discipline OR equivalent qualification deemed by Senate; GPA: Lower Second Class; English proficiency: TOEFL IBT 95 OR PTE Academic 71 OR IELTS 6.5,Degree of Bachelor of Science (Honours) obtained with at least Second Class (Honours) in related field or deemed equivalent qualification,Scholarships available (Funding): available; Research-focused dissertation component (Program Structure): yes; 90 ECTS credits (Academics): 90,https://www.mastersportal.com/studies/293833/food-sciences-and-nutrition.html
//storage-prtl-co.imgix.net/endor/studies/341041/covers/1782822468_malta-cover.png,University of Malta,Master,Gerontology and Geriatrics,Malta,"Msida, Malta",Msida,10800 EUR/year (International); Free (EU/EEA),Not specified,18 months full-time,Not specified,"October 5, 2026; February 9, 2027; June 8, 2027","Not specified; January 30, 2027; Not specified",Bachelor degree: at least Second Class Honours or Category II in caring profession or relevant discipline; English proficiency: TOEFL IBT 95 or PTE Academic 71 or IELTS 6.5; GPA: Lower Second Class or equivalent,"Bachelor degree obtained with at least Second Class Honours or Category II, or professional qualification considered comparable in relevant field",Multidisciplinary program (Academic Focus): combines applied and theoretical knowledge in aging; Fieldwork component (Program Structure): includes fieldwork in settings for older persons; Historical establishment (Prestige): established 1989 by UN International Institute on Ageing experts; Scholarships available (Funding): multiple external scholarship options listed,https://www.mastersportal.com/studies/293834/gerontology-and-geriatrics.html
//storage-prtl-co.imgix.net/endor/studies/294076/covers/1782912289_malta-cover.png,University of Malta,Master of Social Work,Social Work,Malta,"Msida, Malta",Msida,10800 EUR / year (International); Free (EU/EEA),Not specified,24 months,Not specified,2026-10-05; 2027-10-05,2026-07-22 (National); 2027-07-01 (International),"Bachelor degree in Social Policy, Psychology, Youth and Community Studies or Social Wellbeing Studies: Second Class (Honours) and minimum 65% average; OR Bachelor degree with Category II and minimum 65% average in two of Anthropology, Psychology, Sociology or Social Studies; OR Bachelor in Theology with Psychology or Social Studies or Sociology: Category II and 65% average; GPA: Lower Second Class; English: TOEFL IBT 95 OR PTE Academic 71 OR IELTS 6.5",Applicants must be in possession of a Bachelor degree from this University or any higher education institution recognised by Senate,Scholarships available (Funding): available; On Campus (Delivery): yes; 120 ECTS (Credits): 120; Social Work (Discipline): yes; Social Policy (Discipline): yes,https://www.mastersportal.com/studies/293838/social-work.html
https://storage-prtl-co.imgix.net/endor/studies/294064/covers/1782389986_malta-cover.png,University of Malta,M.Arch,Architecture (Architectural Design),Malta,"Msida, Malta",Msida,13400 EUR / year (International); Free (EU/EEA),Not specified,24 months,Not specified,"October 4, 2027","July 1, 2027 (International); July 22, 2027 (National/EEA/EU)",First cycle degree in Built Environment Studies from University of Malta: at least Second Class Honours or comparable qualification; Minimum credits in relevant thematic study-units: as per Faculty Board guidelines; Compensated passes: limited to 4 ECTS credits maximum,"First cycle degree in Built Environment Studies from the University of Malta, with at least Second Class (Honours) or a qualification deemed by Senate to be comparable",EU accredited warrant for architect career (Professional Credential): yes; Bologna Process compliant (Program Structure): yes; Scholarships available (Funding): available; ECTS 120 credits (Academic): 120; English-taught (Delivery): yes; On-campus delivery (Format): yes,https://www.mastersportal.com/studies/293839/architecture.html
https://storage-prtl-co.imgix.net/endor/studies/341041/covers/1782822483_malta-cover.png,University of Malta,Master of Psychology,Health Psychology,Malta,"Msida, Malta",Msida,13400 EUR / year (International); Free (EU/EEA),Not specified,24 months,Not specified,"October 5, 2026; February 9, 2027; June 8, 2027","Not specified; January 30, 2027; Not specified",Bachelor's degree in Psychology: at least Second Class Honours (Upper Division) OR equivalent; Maltese language proficiency: required; GPA: Upper Second Class; English proficiency: TOEFL IBT 95 OR PTE Academic 71 OR IELTS 6.5,Proficient in the Maltese language required; Bachelor degree in Psychology with minimum Second Class Honours (Upper Division),Scholarships available (Funding): available; 120 ECTS credits (Program): 120; Mental health focus (Subject Area): yes; Top 5% worldwide ranking (Institution Status): yes,https://www.mastersportal.com/studies/293852/health-psychology.html
//storage-prtl-co.imgix.net/endor/studies/294029/covers/1782730612_malta-cover.png,University of Malta,M.A.,Fine Arts,Malta,"Msida, Malta",Msida,10800 EUR/year (International); Free (EU/EEA),Not specified,18 months,Not specified,"October 5, 2026; February 9, 2027; June 8, 2027","Not specified; January 30, 2027; Not specified",Bachelor of Arts (Honours): Second Class or better in same/related field OR Bachelor of Arts with average mark >=55% in relevant area OR comparable degree; English proficiency: IELTS 6.5 OR TOEFL IBT 95 OR PTE Academic 71; GPA: Lower Second Class minimum,The Course shall be open to applicants in possession of one of the qualifications listed under prerequisites,Studio-based practice (Program Focus): explores creative practice across fine art media; Group critique sessions (Pedagogical Method): fundamental program component; Scholarships available (Funding): multiple external scholarships listed,https://www.mastersportal.com/studies/293858/fine-arts.html
//storage-prtl-co.imgix.net/endor/studies/340598/covers/1782908270_malta-cover.png,University of Malta,Master,Pharmacy,Malta,"Msida, Malta",Msida,8933 EUR / year (International); Free (EU/EEA),Not specified,18 months,Not specified,"October 5, 2026; February 9, 2027; June 8, 2027","Not specified; January 30, 2027; Not specified","GPA: Lower Second Class; English proficiency: TOEFL IBT 95 OR PTE Academic 71 OR IELTS 6.5; Bachelor of Science (Honours) in Pharmaceutical Science: 240 ECTS credits, obtained with at least Second Class Honours",Police Certificate of Conduct required; BSc (Hons) in Pharmaceutical Science degree prerequisite; Third Class Honours applicants must submit portfolio with three years' related practice,Scholarships available (Financial Aid): available; On Campus (Delivery Mode): yes; 90 ECTS (Credits): 90; English taught (Language): yes,https://www.mastersportal.com/studies/293869/pharmacy.html
//storage-prtl-co.imgix.net/endor/studies/294064/covers/1782389960_malta-cover.png,University of Malta,M.Sc.,Applied Oceanography,Malta,"Msida, Malta",Msida,8933 EUR / year (International); Free (EU/EEA),Not specified,18 months,Not specified,"October 4, 2027","July 1, 2027 (International); July 22, 2027 (National/EEA/EU)","Bachelor's degree in Science, Engineering, Architecture, Information Technology or related area: required; Mathematics and programming knowledge: strongly recommended; English proficiency: TOEFL IBT 95 OR PTE Academic 71 OR IELTS 6.5","First cycle degree from this University in Science, Engineering, Architecture or Information Technology, or any other area deemed relevant by the Board",Operational oceanography focus (Subject Area): yes; Marine environmental management emphasis (Subject Area): yes; 90 ECTS credits (Program Structure): 90; On-campus delivery (Format): yes; Scholarships available (Financial Aid): available,https://www.mastersportal.com/studies/293870/applied-oceanography.html
//storage-prtl-co.imgix.net/endor/studies/340710/covers/1782908509_malta-cover.png,University of Malta,M.Sc.,Public Policy and Strategic Management,Malta,"Msida, Malta",Msida,10800 EUR / year (International); Free (EU/EEA),Not specified,18 months,Not specified,"October 5, 2026; February 9, 2027; June 8, 2027","Not specified; January 30, 2027; Not specified","GPA: Lower Second Class or equivalent; English proficiency: TOEFL IBT 95 OR PTE Academic 71 OR IELTS 6.5; Bachelor's degree in Commerce or related field from University of Malta: Category II or Second Class Honours, or equivalent first cycle degree; Related field of study: as one of the areas applied for",Applicants must possess a degree of Bachelor of Commerce from this University or equivalent first cycle degree obtained with at least Second Class Honours or Category II,Scholarships available (Funding): available; On-campus delivery (Format): yes; 90 ECTS credits (Structure): 90; English-taught (Language): yes; Strategic Management and Public Policy focus (Subject): yes,https://www.mastersportal.com/studies/293895/public-policy-and-strategic-management.html
//storage-prtl-co.imgix.net/endor/studies/293896/covers/1782827420_malta-cover.png,University of Malta,M.Sc.,Medical Physics,Malta,"Msida, Malta",Msida,13400 EUR / year (International); Free (EU/EEA),Not specified,12 months,Not specified,2026-10-05,2026-07-22,"Bachelor degree with 240 ECTS and Second Class Honours in Physics, Medical Physics and Radiation Protection, Radiography, or Engineering (Electrical/Mechanical): required; English proficiency: TOEFL iBT 95 or PTE 71 or IELTS 6.5",Bachelor degree comprising 240 ECTS credits obtained with at least Second Class Honours in specified disciplines,Scholarships available (Funding): available; European Guidelines compliant (Accreditation): yes; Free pre-programme online Summer School in Anatomy & Physiology (Offering): yes; Research project component (Program Structure): yes; On Campus delivery (Format): yes; 90 ECTS credits (Credits): 90,https://www.mastersportal.com/studies/293896/medical-physics.html
//storage-prtl-co.imgix.net/endor/studies/340598/covers/1782908283_malta-cover.png,University of Malta,MA,Probation Services,Malta,"Msida, Malta",Msida,10800 EUR / year (International); Free (EU/EEA),Not specified,18 months,Not specified,"October 5, 2026; February 9, 2027; June 8, 2027","Not specified; January 30, 2027; Not specified",Bachelor degree with at least Second Class Honours from University of Malta or equivalent: required; Proficiency in Maltese Language: required; GPA: Lower Second Class; English requirements: TOEFL iBT 95 OR PTE Academic 71 OR IELTS 6.5,Bachelor degree with at least Second Class Honours from this University in an area of study deemed relevant by the Board or a Bachelor degree from another university recognized by Senate,Scholarships available (Funding): available; Criminal Law (Discipline): yes; Public Law (Discipline): yes; Legal Studies (Discipline): yes,https://www.mastersportal.com/studies/293897/probation-services.html
//storage-prtl-co.imgix.net/endor/studies/340520/covers/1782989343_malta-cover.png,University of Malta,Master,Theology,Malta,"Msida, Malta",Msida,10800 EUR / year (International); Free (EU/EEA),Not specified,24 months,Not specified,2026-10-05; 2027-10-05,2026-07-22 (National); 2027-07-01 (International),Bachelor degree with Second Class Honours or better in Theology with Philosophy subsidiary: required; OR Bachelor degree with Category II or better in Theology: conditional on interview and preparatory programme; GPA requirement: Lower Second Class; English language requirements: TOEFL IBT 95 OR PTE Academic 71 OR IELTS 6.5,Applicants must be in possession of a Bachelor degree obtained with Second Class (Honours) or better in Theology with a subsidiary area in Philosophy or a Bachelor degree obtained with Category II or better in Theology,"Full-time on-campus programme (Format): yes; Scholarships available (Funding): available; 120 ECTS credits (Academic Structure): 120; Subject areas (Curriculum): biblical studies, systematic theology, moral theology, ecclesiastical history, patristics, liturgy, church legislation; Career paths (Outcomes): pastoral ministry, social and pastoral care, PhD progression; Top 5% worldwide ranking (Institutional): yes",https://www.mastersportal.com/studies/293898/theology.html
//storage-prtl-co.imgix.net/endor/studies/340845/covers/1782728332_malta-cover.png,University of Malta,M.Eng.,Engineering (Engineering with Management),Malta,"Msida, Malta",Msida,13400 EUR / year (International); Free (EU/EEA),Not specified,24 months,Not specified,"October 5, 2026; October 5, 2027","July 22, 2026 (National); July 1, 2027 (International)",First cycle degree in Built Environment Studies from University of Malta: at least Second Class (Honours) or comparable qualification deemed by Senate; Transcript: showing minimum credits in relevant thematic study units as indicated in approved Schedule,"Applicants must be in possession of a first cycle degree in Built Environment Studies from the University of Malta, with at least Second Class (Honours) or a qualification deemed by Senate",Scholarships available (Funding): available; On Campus (Delivery Method): yes; Engineering Management (Discipline): yes; 120 ECTS (Credits): 120; English-taught (Language): yes; Professional engineer qualification pathway (Career Outcome): yes,https://www.mastersportal.com/studies/293926/engineering.html
https://storage-prtl-co.imgix.net/endor/studies/293896/covers/1782827413_malta-cover.png,University of Malta,M.Sc.,Mathematics,Malta,"Msida, Malta",Msida,8933 EUR / year (International); Free (EU/EEA),400 EUR (Annual Enrolment Fee for Local/EU/EEA),18 months,Not specified,"October 5, 2026; February 9, 2027; June 8, 2027","Not specified; January 30, 2027; Not specified",Possession of relevant Bachelor of Science degree obtained within the 10 years previous to registration: required; TOEFL iBT 95 or PTE Academic 71 or IELTS 6.5: English proficiency; Lower Second Class Honours GPA: minimum grade,"Bachelor of Science with at least Second Class Honours in relevant field obtained within 10 years of registration, or Third Class Honours (same recency limit) with additional qualifications/relevant experience; English language proficiency test scores",Scholarships available (Funding); On-campus delivery (Format); 90 ECTS credits (Academic Structure); Mathematics (Subject Area),https://www.mastersportal.com/studies/293929/mathematics.html
https://storage-prtl-co.imgix.net/endor/studies/340846/covers/1782390280_malta-cover.png,University of Malta,M.A.,Baroque Studies,Malta,"Msida, Malta",Msida,7200 EUR / year (International); Free (EU/EEA),400 EUR (Annual Enrolment Fee for Local/EU/EEA),18 months,Not specified,"October 4, 2027","July 1, 2027 (International); July 22, 2027 (National/EEA/EU)",Lower Second Class honours or Category II bachelor's degree in related field: required; TOEFL IBT 95 or IELTS 6.5 or PTE Academic 71: English proficiency,"Bachelor's degree with at least Second Class Honours or Category II from recognized university; alternatively, Diploma in Baroque Architecture from University of Malta with related work experience may (after interview) qualify for a preparatory programme leading to the degree","Multi-disciplinary approach (Program Focus): political, military, religious, social, philosophical, scientific, literary, artistic, architectural and conservation aspects; Scholarships available (Funding); 90 ECTS credits (Academic Structure); On-campus delivery (Format)",https://www.mastersportal.com/studies/293932/baroque-studies.html
https://storage-prtl-co.imgix.net/endor/studies/294064/covers/1782389995_malta-cover.png,University of Malta,M.Arch.,Architecture (Architecture and Conservation Studies),Malta,"Msida, Malta",Msida,13400 EUR / year (International); Free (EU/EEA),Not specified,24 months,Not specified,"October 4, 2027","July 1, 2027 (International); July 22, 2027 (National); July 22, 2027 (EEA/EU)",TOEFL IBT 95 or PTE Academic 71 or IELTS 6.5: English proficiency; GPA Lower Second Class or equivalent: minimum grade,First cycle degree in Built Environment Studies from University of Malta with Second Class Honours or comparable qualification; minimum credits in relative thematic study units,Architecture (Discipline); Biodiversity & Conservation (Discipline); Landscape Architecture (Discipline); On Campus (Format); 120 ECTS (Program Structure); EU accredited warrant (Qualification Status); Professional architect status qualification (Career Outcome); Conservation Studies focus (Specialization),https://www.mastersportal.com/studies/293933/architecture.html
https://storage-prtl-co.imgix.net/endor/studies/293934/covers/1782912522_malta-cover.png,University of Malta,M.Sc.,Sustainable Energy,Malta,"Msida, Malta",Msida,"13400 EUR (Year 1, International - full amount front-loaded, Year 2: NIL; Total Tuition Eur 13,400); Free (EU/EEA)",400 EUR (Annual Enrolment Fee for Local/EU/EEA),18 months,Not specified,"October 5, 2026; October 5, 2027","July 22, 2026 (National); July 1, 2027 (International)","Bachelor degree in Engineering, Science or Architecture with at least Second Class Honours: required; IELTS 6.5 or TOEFL IBT 95 or PTE Academic 71: English proficiency; GPA Lower Second Class: minimum grade","Bachelor degree with minimum Second Class Honours in Engineering, Science or Architecture; applicants with other degrees may be admitted after interview to assess competence; in exceptional cases, non-degree holders with equivalent academic or professional qualifications may be admitted",Scholarships available (Funding); On-campus delivery (Format); 90 ECTS credits (Academic Structure); Sustainable Energy (Subject Area),https://www.mastersportal.com/studies/293934/sustainable-energy.html
https://storage-prtl-co.imgix.net/endor/studies/293990/covers/1782728106_malta-cover.png,University of Malta,Not specified,Diplomacy,Malta,"Msida, Malta",Msida,2329 EUR / year (International); Free (EU/EEA),Not specified,12 months,Not specified,"October 4, 2027","July 1, 2027 (International); July 22, 2027 (National/EEA/EU)",First cycle degree recognized by Senate: required; Employment in Ministry of Foreign Affairs or governmental entity with external relations responsibility for at least one year: required,Employed in the Ministry of Foreign Affairs of their country or in another governmental entity active in external relations and have served in this capacity for at least one year; possession of recognized first cycle degree,Diplomatic History and International Relations (Subject); 60 ECTS credits (Program Format); English-taught program (Language); Mediterranean perspective focus (Specialization); Career opportunities in international relations both public and private sectors (Career Outcomes),https://www.mastersportal.com/studies/293937/diplomacy.html
https://storage-prtl-co.imgix.net/endor/studies/293990/covers/1782728113_malta-cover.png,University of Malta,M.A.,Diplomatic Studies,Malta,"Msida, Malta",Msida,7200 EUR / year (International); Free (EU/EEA),400 EUR (Annual Enrolment Fee for Local/EU/EEA),18 months,Not specified,"October 4, 2027","July 1, 2027 (International); July 22, 2027 (National/EEA/EU)","Bachelor's degree in International Relations, Law, History, Economics, Political Science, European Studies, Diplomacy, or related fields with at least Second Class (Honours) or Category II: required; IELTS 6.5 or TOEFL IBT 95 or PTE Academic 65: English proficiency; GPA Lower Second Class: minimum grade",Bachelor degree with at least Second Class (Honours) or Category II; English language proficiency via IELTS/TOEFL/PTE; applicants with Category II may require preparatory programme,International Relations (Discipline); International Law (Discipline); International Development (Discipline); Scholarships available (Funding); On-campus delivery (Format); 90 ECTS (Credit System),https://www.mastersportal.com/studies/293940/diplomatic-studies.html
https://storage-prtl-co.imgix.net/endor/studies/293900/covers/1782823756_malta-cover.png,University of Malta,M.A.,Human Rights Law and Practice,Malta,"Msida, Malta",Msida,7200 EUR / year (International); Free (EU/EEA),400 EUR (Annual Enrolment Fee for Local/EU/EEA),18 months,Not specified,"October 5, 2026; February 9, 2027; June 8, 2027","Not specified; January 30, 2027; Not specified","Bachelor degree in Law with at least Second Class Honours or Category II, or relevant degree in Social Sciences, Political Sciences, International Relations, or Humanities: required; TOEFL IBT 95 or PTE Academic 71 or IELTS 6.5: English proficiency","Bachelor degree in Law (minimum Second Class Honours/Category II) OR Bachelor in Social Sciences, Political Sciences, International Relations, Humanities, or other area deemed relevant by Board; Lower Second Class GPA minimum",International Law (Discipline); Legal Studies (Discipline); Social Policy (Discipline); Multi-disciplinary human rights education (Focus); 90 ECTS (Credits); On Campus delivery (Format); Scholarships available (Funding); Human rights concepts and practice (Specialization),https://www.mastersportal.com/studies/293962/human-rights-law-and-practice.html
https://storage-prtl-co.imgix.net/endor/studies/293990/covers/1782728130_malta-cover.png,University of Malta,M.Sc.,Economics,Malta,"Msida, Malta",Msida,7200 EUR / year (International); Free (EU/EEA),EUR 400 (annual enrolment fee for Local/EU/EEA),18 months,Not specified,"October 5, 2026; October 5, 2027","July 22, 2026 (National); July 1, 2027 (International)",Bachelor's degree with at least Second Class Honours or Category II in relevant field: required; TOEFL IBT 95 or IELTS 6.5 or PTE Academic 71: English proficiency,Bachelor of Commerce (Honours) in Economics with Second Class Honours OR Bachelor of Commerce with Economics as main area of study with Category II OR degree with Second Class Honours/Category II in relevant area; some students may need supplementary study units (max 12 ECTS),Scholarships available (Funding); On-campus delivery (Format); 90 ECTS credits (Program Structure); Economics focus (Subject Area),https://www.mastersportal.com/studies/293990/economics.html
https://storage-prtl-co.imgix.net/endor/studies/293900/covers/1782823770_malta-cover.png,University of Malta,M.Sc.,Information and Communication Technology (Information Systems),Malta,"Msida, Malta",Msida,13400 EUR / year (International); Free (EU/EEA),Not specified,24 months,Not specified,"October 5, 2026; February 9, 2027; June 8, 2027","Not specified; January 30, 2027; Not specified",TOEFL IBT 95 or PTE Academic 71 or IELTS 6.5: English proficiency; GPA required: minimum grade; Bachelor's degree in ICT-related field or comparable qualification: required,Bachelor of Science (Honours) in Information and Communication Technology OR Bachelor of Science in Information Technology (Honours) OR Bachelor of Science (Honours) in Computer Engineering OR Bachelor of Science (Honours) in Computing Science OR Bachelor of Engineering (Honours) in suitable area OR degree with strong ICT component,Scholarships available (Funding); On Campus (Format); 120 ECTS (Credits); Information Technology (Subject); Communications Engineering (Subject); Information Systems (Subject),https://www.mastersportal.com/studies/293991/information-and-communication-technology.html
https://storage-prtl-co.imgix.net/endor/studies/293900/covers/1782823750_malta-cover.png,University of Malta,M.Sc.,Human Language Science and Technology,Malta,"Msida, Malta",Msida,Free,Not specified,24 months,Not specified,"September 29, 2026; September 29, 2027","July 23, 2026 (National); July 1, 2027 (International)","First cycle degree in Computational Linguistics, Language Technology, Cognitive Science, Computer Science, Mathematics, Artificial Intelligence, or relevant discipline: required; satisfactory English standard: required; Lower Second Class Honours or Category II or better: minimum grade","Bachelor's degree classified Second Class Honours or Category II or better in specified disciplines; demonstrated English proficiency meeting TOEFL 95, PTE 71, or IELTS 6.5",Erasmus Mundus LCT Consortium (Funding): program is a core member of the Erasmus Mundus Language and Communication Technologies consortium; Multilingual language technology focus (Subject); Free tuition (Funding); On-campus program (Format); 120 ECTS credits (Credential); Research and innovation pathway (Career),https://www.mastersportal.com/studies/293992/human-language-science-and-technology.html
https://storage-prtl-co.imgix.net/endor/studies/293900/covers/1782823776_malta-cover.png,University of Malta,M.Sc.,Information and Communication Technology (Microelectronics and Microsystems),Malta,"Msida, Malta",Msida,13400 EUR / year (International); Free (EU/EEA),Not specified,24 months,Not specified,"October 5, 2026; February 9, 2027; June 8, 2027","Not specified; January 30, 2027; Not specified","GPA Required: minimum grade; TOEFL IBT 95 OR PTE Academic 71 OR IELTS 6.5: English proficiency; Bachelor's degree in ICT, Computer Engineering, Computing Science or related field with strong ICT component: required",Bachelor of Science (Honours) in Information and Communication Technology OR equivalent degree with strong ICT component,120 ECTS (Program Structure); English-taught (Instruction Language); On-campus (Delivery Format); EU/EEA tuition waiver (Funding); Scholarships available (Funding); Microelectronics and Microsystems (Subject Area),https://www.mastersportal.com/studies/294024/information-and-communication-technology.html
https://storage-prtl-co.imgix.net/endor/studies/294029/covers/1782730721_malta-cover.png,University of Malta,M.Sc.,Gerodontology (Dental Hygiene),Malta,"Msida, Malta",Msida,13400 EUR/year (International); 5400 EUR/year (EU/EEA),Not specified,36 months,Not specified,"September 29, 2026; September 29, 2027","July 23, 2026 (National); July 1, 2027 (International)",TOEFL IBT 95 or IELTS 6.5: English proficiency; Lower Second Class Honours in GPA: minimum grade; Bachelor of Science (Honours) in Dental Hygiene with at least Second Class Honours: required,Degree of Bachelor of Science (Honours) in Dental Hygiene obtained with at least Second Class Honours; Interview conducted by interviewing board of at least three members,Dentistry (Subject Area); Health Sciences (Subject Area); On-Campus (Format); Scholarships Available (Funding); 180 ECTS (Credit System); English Language (Instruction); Research Project Component (Program Feature); Clinical Practice (Program Feature),https://www.mastersportal.com/studies/294029/gerodontology.html
https://storage-prtl-co.imgix.net/endor/studies/293990/covers/1782728086_malta-cover.png,University of Malta,M.Sc.,Digital Games (by Research),Malta,"Msida, Malta",Msida,13400 EUR / year (International); Free (EU/EEA),400 EUR (Annual Enrolment Fee for Local/EU/EEA),24 months,Not specified,"October 4, 2027","July 1, 2027 (International); July 22, 2027 (National/EEA/EU)","Bachelor degree in Information Technology, Engineering, Communications, Humanities, Social Sciences, or other area deemed appropriate by Board: required; Portfolio of recent works: required; Letter of motivation: required; Research proposal aligned with previous degree(s): required",Bachelor degree from this University or from a university recognised by Senate; Portfolio submission; Motivation letter; Research proposal; Possible interview requirement; Supervisor availability for research topic,"Research-focused program (Program Type): Thesis-based with 30 ECTS taught units and 90 ECTS research project; Full-time study (Format): On-campus delivery; English-taught (Language): TOEFL IBT 95, PTE 71, or IELTS 6.5 required; Career pathway (Outcomes): Digital games industry or doctoral studies; EU/EEA funding (Funding): Free tuition for EU/EEA nationals with 400 EUR annual enrollment fee",https://www.mastersportal.com/studies/294031/digital-games.html
https://storage-prtl-co.imgix.net/endor/studies/340497/covers/1782730136_malta-cover.png,University of Malta,LL.M.,European Business Law,Malta,"Msida, Malta",Msida,7200 EUR / year (International); Free (EU/EEA Nationals),400 EUR (Annual Enrolment Fee for Local/EU/EEA),18 months,Not specified,"October 5, 2026; February 9, 2027; June 8, 2027","Not specified; January 30, 2027; Not specified",TOEFL IBT 95 or PTE Academic 71 or IELTS 6.5: English proficiency; GPA Lower Second Class: minimum grade,"Bachelor degree in Law with Second Class Honours or Category II, or comparable degree; Board may consider applicants with European Studies, Political Science, Economics degrees with Second Class Honours or Category II","Specialist in European Business Law (Subject Area): covers IT law, Company Law, Consumer Law, Competition law, Financial Services Law, Labour Law; Taught program format (Format): directed reading, research, seminars, dissertation component; Career pathway (Career): positions in law firms, companies, banks, financial institutions, EU institutions",https://www.mastersportal.com/studies/294047/european-business-law.html
https://storage-prtl-co.imgix.net/endor/studies/340497/covers/1782730152_malta-cover.png,University of Malta,LL.M.,European and Comparative Law,Malta,"Msida, Malta",Msida,7200 EUR / year (International); Free (EU/EEA),400 EUR (Annual Enrolment Fee for Local/EU/EEA),18 months,Not specified,"October 5, 2026; February 9, 2027; June 8, 2027","Not specified; January 30, 2027; Not specified",Lower Second Class GPA: minimum grade; TOEFL IBT 95 OR PTE Academic 71 OR IELTS 6.5: English proficiency; Bachelor degree in Law with Second Class Honours minimum OR comparable degree from recognized institution: required,"Bachelor degree in Law as main area of study with at least Second Class Honours; Doctor of Laws degree; or comparable degree from University of Malta or recognized overseas institution; Board may consider applicants with degrees in European Studies, Political Science, Economics with Second Class Honours","European Law (Subject Area): focuses on EU Law and comparative law; Specialization options (Subject Area): competition law, internal market law, company law, consumer law, trade law, justice and home affairs; Career pathway (Format): positions with European Institutions, international organizations, government, private practice; Research-based (Format): includes dissertation component and guided research; Part-time option (Format): available over two academic years; PhD preparation (Format): foundation for doctoral studies",https://www.mastersportal.com/studies/294048/european-and-comparative-law.html
https://storage-prtl-co.imgix.net/endor/studies/340520/covers/1782989349_malta-cover.png,University of Malta,M.Sc.,Tourism Development and Culture,Malta,"Msida, Malta",Msida,Free,Not specified,24 months,Not specified,"October 5, 2026; October 5, 2027","July 22, 2026 (National); July 1, 2027 (International)",Upper Second Class honours degree or equivalent: required; TOEFL IBT 95 or PTE Academic 71 or IELTS 6.5: English proficiency,Bachelor degree with at least Second Class (Honours) Upper Division; first cycle degree from approved higher education institution,"Erasmus Mundus Joint Masters (Funding): Erasmus-funded programme run jointly with the University of Glasgow, launched under the Erasmus Mundus scholarship programmes; Tourism and leisure (Subject Area); On-campus delivery (Format); International mobility program (Program Type); 120 ECTS credits (Credential); Scholarships available (Funding)",https://www.mastersportal.com/studies/294059/tourism-development-and-culture.html
https://storage-prtl-co.imgix.net/endor/studies/294060/covers/1782731453_malta-cover.png,University of Malta,M.Sc.,Gerodontology (Dental Surgery),Malta,"Msida, Malta",Msida,13400 EUR / year (International); Free (EU/EEA),400 EUR Annual Enrolment Fee + 5000 EUR Annual Bench Fees (for Local/EU/EEA),36 months,Not specified,"October 5, 2026; February 9, 2027; June 8, 2027","Not specified; January 30, 2027; Not specified",Lower Second Class GPA: minimum grade; TOEFL IBT 95 OR PTE Academic 71 OR IELTS 6.5: English proficiency; Degree of Master of Dental Surgery awarded from July 2018 onwards or Bachelor of Dental Surgery with at least Second Class Honours or better: required,Bachelor of Dental Surgery or Master of Dental Surgery from recognized institution; Interview may be required; Alternative: other academic/professional qualifications with minimum 10 years documented professional experience,Specialization in Gerodontology (Subject Area): clinical practice in geriatric dental care; Research-focused (Format): final year dedicated to research project; Clinical training (Format): teaching clinics and domiciliary services; Career pathway (Outcomes): public/private sector employment and academic opportunities,https://www.mastersportal.com/studies/294060/gerodontology.html
https://storage-prtl-co.imgix.net/endor/studies/294064/covers/1782390003_malta-cover.png,University of Malta,M.Arch.,Architecture (Architecture and Urban Design),Malta,"Msida, Malta",Msida,13400 EUR / year (International); Free (EU/EEA),Not specified,24 months,Not specified,"October 4, 2027","July 1, 2027 (International); July 22, 2027 (National/EEA/EU)",First cycle degree in Built Environment Studies from University of Malta with at least Second Class (Honours): required; minimum credits in relevant thematic study-units as specified by Faculty Board: required; compensated passes limited to 4 ECTS credits at Faculty discretion: condition,Possession of qualifying first-cycle degree or comparable qualification; transcript showing successful completion of minimum credits in thematic study-units; IELTS 6.5 or TOEFL iBT 95 or PTE Academic 71,EU accredited architectural qualification (Professional Recognition); Bologna Process compliant (Format); Masters dissertation and synoptic final project (Assessment); Sustainable urban design focus (Subject); Scholarships available (Funding),https://www.mastersportal.com/studies/294064/architecture.html
https://storage-prtl-co.imgix.net/endor/studies/340845/covers/1782728348_malta-cover.png,University of Malta,M.Eng.,Engineering (Structural Engineering),Malta,"Msida, Malta",Msida,13400 EUR / year (International); Free (EU/EEA),Not specified,24 months,Not specified,"October 5, 2026; October 5, 2027","July 22, 2026 (National); July 1, 2027 (International)",First cycle degree in Built Environment Studies from University of Malta with minimum Second Class (Honours): required; or comparable qualification deemed acceptable by Senate on Faculty Board recommendation: alternative; successful completion of minimum credits in relative thematic study units as indicated in Faculty Board-approved Schedule: required,Possession of first cycle Built Environment Studies degree with at least Second Class (Honours) or deemed comparable qualification; transcript showing minimum required credits in relevant thematic units; GPA requirement of Lower Second Class minimum; English language proficiency (IELTS 6.5 or equivalent),Scholarships available (Funding); On-campus delivery (Format); Structural engineering focus (Subject Area); 120 ECTS credits (Academic Structure); Professional engineer qualification pathway (Career Outcomes),https://www.mastersportal.com/studies/294065/engineering.html
https://storage-prtl-co.imgix.net/endor/studies/341041/covers/1782822475_malta-cover.png,University of Malta,M.A.,Global Maritime Archaeology,Malta,"Msida, Malta",Msida,"10000 EUR total due in Year 1 (Eur 1,000 deposit upon acceptance + Eur 9,000 upon commencement); same for International and EU/EEA; headline rate shown as 6666 EUR/year","1000 EUR (Deposit upon acceptance, credited toward Year 1 tuition)",18 months,Not specified,"October 5, 2026; February 9, 2027; June 8, 2027","Not specified; January 30, 2027; Not specified","First cycle degree in Archaeology, Geography, History, Oceanography or other area approved by Faculty Board: required; Second Class (Honours) or Category II classification: minimum grade; Third Class holders must demonstrate additional qualifications through interview: alternative pathway",First cycle degree at Second Class (Honours) minimum or Category II classification; IELTS 6.5 or TOEFL 95 or PTE 71; Lower Second Class GPA,Maritime Archaeology (Subject Area); Hands-on fieldwork training (Teaching Format); Conservation techniques education (Subject Area); Dissertation component (Teaching Format),https://www.mastersportal.com/studies/294066/global-maritime-archaeology.html
https://storage-prtl-co.imgix.net/endor/studies/293896/covers/1782827393_malta-cover.png,University of Malta,Master,Knowledge-Based Entrepreneurship,Malta,"Msida, Malta",Msida,"EUR 3,000/year (EU/EEA); EUR 10,200/year (International)",Not specified,18 months,Not specified,"October 5, 2026; February 9, 2027; June 8, 2027","Not specified; January 30, 2027; Not specified","Bachelor degree with at least Second Class (Honours) or Category II in Science, IT, Engineering, Media, Communications, or Humanities: required; English proficiency: TOEFL IBT 95 or PTE Academic 71 or IELTS 6.5; GPA: Lower Second Class",Bachelor degree in specified disciplines required; applicants with Third Class Honours may apply with additional qualifications or five years relevant work experience,Entrepreneurship (Discipline); Management Studies (Discipline); On Campus (Format); Full-time (Format); 90 ECTS credits,https://www.mastersportal.com/studies/294067/knowledge-based-entrepreneurship.html
https://storage-prtl-co.imgix.net/endor/studies/294070/covers/1782827615_malta-cover.png,University of Malta,M.A.,Mediterranean Studies,Malta,"Msida, Malta",Msida,"EUR 10,800/year (International); Free (EU/EEA, plus EUR 400/year annual enrollment fee)",Not specified,18 months,Not specified,"October 5, 2026; February 9, 2027; June 8, 2027","Not specified; January 30, 2027; Not specified",First cycle degree with at least Second Class Honours/Category II in any subject: required; First cycle degree with Third Class Honours/Category III plus additional qualifications: alternative route; English proficiency: TOEFL IBT 95 OR PTE Academic 71 OR IELTS 6.5,First cycle degree with at least Second Class Honours/Category II in any subject OR Third Class Honours/Category III plus additional qualifications,"Interdisciplinary Mediterranean region focus (Subject Area); Careers in EU affairs, journalism, broadcasting, education, museums (Career Outcomes); 90 ECTS credits",https://www.mastersportal.com/studies/294070/mediterranean-studies.html
https://storage-prtl-co.imgix.net/endor/studies/340598/covers/1782908246_malta-cover.png,University of Malta,M.Psych,Neuropsychology,Malta,"Msida, Malta",Msida,"EUR 13,400/year (International); Free (EU/EEA)",Not specified,24 months,Not specified,"October 5, 2026; February 9, 2027; June 8, 2027","Not specified; January 30, 2027; Not specified",Bachelor degree in Psychology with at least Second Class Honours (Upper Division): required; Bachelor in Psychology with Second Class Honours (Lower Division) plus Master's in Psychology-related area: alternative route; Bachelor in Psychology or related area with at least Category IIA or Second Class Honours (Upper Division): alternative route; Proficiency in Maltese Language: required; GPA: Lower Second Class; English proficiency: TOEFL iBT 95 OR PTE Academic 71 OR IELTS 6.5,Not specified,On Campus (Format); Psychology (Discipline); Neuroscience (Discipline); 120 ECTS credits; 9 hours supervised field placement weekly; Dissertation required; Professional warrant eligibility after 2 years supervised practice,https://www.mastersportal.com/studies/294072/neuropsychology.html
https://storage-prtl-co.imgix.net/endor/studies/340845/covers/1782728311_malta-cover.png,University of Malta,M.Psych,Educational Psychology,Malta,"Msida, Malta",Msida,"EUR 13,400/year (International); Free (EU/EEA)",Not specified,24 months,Not specified,"October 5, 2026; October 5, 2027","July 22, 2026 (National); July 1, 2027 (International)",Bachelor degree in Psychology with at least Second Class Honours (Upper Division): required; Bachelor degree in Psychology with at least Second Class Honours (Lower Division) together with a Master's degree in Psychology-related areas: alternative route; Proficiency in Maltese language: required; GPA: Lower Second Class; English proficiency: TOEFL IBT 95 OR PTE Academic 71 OR IELTS 6.5,Proficiency in Maltese language is mandatory; Bachelor qualification in Psychology or related field required,On Campus (Format); 120 ECTS credits; Educational Psychology (Subject Area); 9 hours weekly supervised field placement,https://www.mastersportal.com/studies/294074/educational-psychology.html
https://storage-prtl-co.imgix.net/endor/studies/340594/covers/1782473191_malta-cover.png,University of Malta,M.Psych,Clinical Psychology,Malta,"Msida, Malta",Msida,"EUR 13,400/year (International); Free (EU/EEA)",Not specified,24 months,Not specified,"October 4, 2027","July 1, 2027 (International); July 22, 2027 (National/EEA/EU)",Bachelor degree in Psychology with at least Second Class Honours (Upper Division) or equivalent: required; Bachelor with Second Class Honours (Lower Division) plus Master's in Psychology-related field: alternative route; Bachelor in Psychology with Category IIA or related degree with Second Class Honours (Upper Division): alternative route; Proficiency in Maltese language: required; GPA: Lower Second Class; English proficiency: TOEFL IBT 95 OR PTE Academic 71 OR IELTS 6.5,Applicants must be proficient in the Maltese language,Clinical Psychology (Discipline); On Campus (Format); 120 ECTS credits; English-taught,https://www.mastersportal.com/studies/294075/clinical-psychology.html
https://storage-prtl-co.imgix.net/endor/studies/294076/covers/1782912307_malta-cover.png,University of Malta,M.Sc.,Strategic Management and Marketing,Malta,"Msida, Malta",Msida,"EUR 10,800/year (non-EU/EEA); Free (EU/EEA, plus EUR 400/year annual enrollment fee)",Not specified,18 months,Not specified,"October 5, 2026; October 5, 2027","July 22, 2026 (National); July 1, 2027 (International)",Bachelor of Commerce degree in same/related areas with Category II minimum or Second Class Honours: required; GPA: Lower Second Class; English proficiency: IELTS 6.5 or TOEFL iBT 95,Possession of Bachelor of Commerce from University of Malta in same or related study areas,On Campus (Format); Marketing (Subject Area); Management Studies (Discipline); English-taught,https://www.mastersportal.com/studies/294076/strategic-management-and-marketing.html
https://storage-prtl-co.imgix.net/endor/organisations/362/covers/1550829270_university-of-malta-cover.jpg,University of Malta,MA,Master of Arts in Criminology (Preparatory Programme),Malta,"Msida, Malta",Msida,"EUR 8,500/year (International); Free (EU/EEA)",Not specified,12 months,Not specified,"September 29, 2026",Not specified,Bachelor degree with at least Category II from University of Malta in relevant area: required; Bachelor degree from another recognized university comparable to above: alternative route; Interview conducted by interviewing board: required,Not specified,Pre-Master's (Programme Type): Preparatory Programme; On Campus (Format); Criminal Law (Discipline); Criminology (Discipline); 30 ECTS credits; English-taught,https://www.mastersportal.com/studies/294103/master-of-arts-in-criminology.html
https://storage-prtl-co.imgix.net/endor/studies/340844/covers/1782389486_malta-cover.png,University of Malta,M.Sc.,Anatomy,Malta,"Msida, Malta",Msida,"EUR 8,933/year (International); Free (EU/EEA, plus EUR 400/year annual enrollment fee)",Not specified,18 months,Not specified,"October 4, 2027","July 1, 2027 (International); July 22, 2027 (National/EEA/EU)","Bachelor's degree in Medicine, Pharmacy, Dental Surgery, or related field with minimum Lower Second Class honours: required; degree obtained within last 10 years (exceptions considered); English proficiency: TOEFL IBT 95 or IELTS 6.5 or PTE Academic 71","Applicants must possess Doctor of Medicine and Surgery, Bachelor of Dental Surgery, Master of Dental Surgery, Bachelor of Pharmacy (Honours) with Second Class minimum, or equivalent qualification",Research-focused (Format); 90 ECTS credits; On Campus (Format); Health Sciences (Subject Area); Career paths in pharmaceutical/life sciences industries,https://www.mastersportal.com/studies/340082/anatomy.html
https://storage-prtl-co.imgix.net/endor/studies/340844/covers/1782389500_malta-cover.png,University of Malta,M.A.,Anthropology,Malta,"Msida, Malta",Msida,"EUR 10,800/year (International); Free (EU/EEA, plus EUR 400/year annual enrollment fee)",Not specified,18 months,Not specified,"October 4, 2027","July 1, 2027 (International); July 22, 2027 (National/EEA/EU)",Bachelor of Arts (Honours) with Second Class or better in same/related field: required; Bachelor of Arts with minimum 55% average in relevant area: alternative route; comparable degree: alternative route; GPA: Lower Second Class; English proficiency: TOEFL IBT 95 OR PTE Academic 71 OR IELTS 6.5,Applicants must be in possession of a Bachelor degree meeting specified criteria or comparable qualification,"Research-focused (Format): dissertation-based; Career paths: archaeology, biological anthropology, medical anthropology; Research focus areas: human behavior, culture, environment, ethnicity, religion, urban development, medical practices",https://www.mastersportal.com/studies/340089/anthropology.html
https://storage-prtl-co.imgix.net/endor/studies/294076/covers/1782912295_malta-cover.png,University of Malta,M.Sc.,Space Sciences and Astronomy,Malta,"Msida, Malta",Msida,"EUR 8,933/year (International); Free (EU/EEA, plus EUR 400/year annual enrollment fee)",Not specified,18 months,Not specified,"October 5, 2026; October 5, 2027","July 22, 2026 (National); July 1, 2027 (International)",Bachelor of Science (Honours) in Physics/Computational Physics/Statistics with Second Class (Honours) minimum: required; Bachelor of Engineering (Honours) with Second Class (Honours) minimum: alternative route; Bachelor of Science (Honours) in ICT with Second Class (Honours) minimum: alternative route; Related Bachelor degree with Second Class (Honours): alternative route; Comparable qualification deemed by Senate: alternative route; English proficiency: TOEFL iBT 95 or PTE Academic 71 or IELTS 6.5,Not specified,On Campus (Format); 90 ECTS credits; Physics (Discipline); Astronomy & Space Sciences (Discipline),https://www.mastersportal.com/studies/340115/space-sciences-and-astronomy.html
https://storage-prtl-co.imgix.net/endor/studies/340497/covers/1782730173_malta-cover.png,University of Malta,M.A.,Financial Services,Malta,"Msida, Malta",Msida,"EUR 10,800/year (International); EUR 4,000/year (EU/EEA)",Not specified,18 months,Not specified,"October 5, 2026; February 9, 2027; June 8, 2027","Not specified; January 30, 2027; Not specified","Bachelor of Laws (Category II minimum) or Bachelor of Laws Honours (Second Class minimum): alternative route; Bachelor degree with Second Class Honours/Category II in Accountancy, Banking and Finance, Economics, or Insurance: alternative route; recognized professional qualifications in Accountancy or Accountancy and Auditing: alternative route; GPA: Lower Second Class minimum; English proficiency: TOEFL IBT 95 or PTE 71 or IELTS 6.5",Not specified,Finance (Subject Area); Financial Technology (Subject Area); On Campus (Format); English-taught; 90 ECTS credits,https://www.mastersportal.com/studies/340497/financial-services.html
https://storage-prtl-co.imgix.net/endor/studies/340846/covers/1782390287_malta-cover.png,University of Malta,M.Sc.,Biochemistry,Malta,"Msida, Malta",Msida,"EUR 8,933/year (International); Free (EU/EEA, plus EUR 400/year annual enrollment fee)",Not specified,18 months,Not specified,"October 4, 2027","July 1, 2027 (International); July 22, 2027 (National/EEA/EU)",Bachelor's degree in Medicine/Pharmacy/Dental Surgery or related field with at least Second Class Honours: required; GPA: Lower Second Class or equivalent; English proficiency: TOEFL IBT 95 or PTE Academic 71 or IELTS 6.5,"Applicants must be in possession of the degree of Doctor of Medicine and Surgery, or Bachelor of Dental Surgery, or Master of Dental Surgery, or Bachelor of Pharmacy (Honours) with at least Second Class (Honours), or related qualification",Research-focused (Format); Pharmaceutical/biomedical careers (Career Outcomes); PhD pathway available,https://www.mastersportal.com/studies/340500/biochemistry.html
https://storage-prtl-co.imgix.net/endor/studies/293825/covers/1782470921_malta-cover.png,University of Malta,M.Sc.,Biomedical Cybernetics,Malta,"Msida, Malta",Msida,"EUR 8,933/year (International); Free (EU/EEA, plus EUR 400/year annual enrollment fee)",Not specified,18 months,Not specified,"October 4, 2027","July 1, 2027 (International); July 22, 2027 (National/EEA/EU)",Bachelor of Engineering (Honours) with Second Class Honours minimum: alternative route; Bachelor of Science (Honours) with Second Class Honours in appropriate subjects: alternative route; Doctor of Medicine and Surgery: alternative route; Bachelor of Dental Surgery (Second Class Honours or better if from July 2009+): alternative route; Master of Dental Surgery (from July 2018+): alternative route; equivalent qualification: alternative route; GPA: Lower Second Class minimum; English proficiency: TOEFL iBT 95 OR PTE Academic 71 OR IELTS 6.5,Applicants must be in possession of one of the listed degrees with specified honours classification,Research-focused (Format); Cross-disciplinary study; Medical/biological systems focus (Subject Area); 90 ECTS credits; On Campus (Format),https://www.mastersportal.com/studies/340504/biomedical-cybernetics.html
https://storage-prtl-co.imgix.net/endor/studies/340594/covers/1782473184_malta-cover.png,University of Malta,M.Sc.,Clinical Biomechanics,Malta,"Msida, Malta",Msida,"EUR 13,400/year (International); Free (EU/EEA, plus EUR 400/year annual enrollment fee)",Not specified,18 months,Not specified,"October 4, 2027","July 1, 2027 (International); July 22, 2027 (National/EEA/EU)",Bachelor of Science (Honours) with at least Second Class honours from Faculty of Health Sciences in related area: required; Bachelor's degree with at least Second Class (Honours) in closely related discipline: alternative route; equivalent qualification deemed by Senate: alternative route; GPA: Lower Second Class; English proficiency: TOEFL IBT 95 OR PTE Academic 71 OR IELTS 6.5,Applicants must be in possession of the degree of Bachelor of Science (Honours) obtained with at least Second Class (Honours),On Campus (Format); Biology (Discipline); Physiotherapy (Discipline); 90 ECTS credits,https://www.mastersportal.com/studies/340513/clinical-biomechanics.html
https://storage-prtl-co.imgix.net/endor/studies/340520/covers/1782989361_malta-cover.png,University of Malta,M.A.,Transdisciplinary Childhood Studies,Malta,"Msida, Malta",Msida,"EUR 5,400/year (International); EUR 1,600/year (EU/EEA)",Not specified,3 years (part-time),Not specified,"October 5, 2026; October 5, 2027","July 22, 2026 (National); July 1, 2027 (International)",Bachelor's degree at Level 6 on Malta Qualifications Framework in childhood studies or related field: required; Third Class Honours minimum or Category III with 55% average in taught component: alternative route; GPA: Third Class; English proficiency: IELTS 6.5 or TOEFL IBT 95 or PTE Academic 71,Applicants must be in possession of a Bachelor's degree pegged at least at Level 6 on the Malta Qualifications Framework,Part-time (Format); On Campus (Format); Childhood Studies (Social Sciences); Education & Training (Discipline),https://www.mastersportal.com/studies/340515/transdisciplinary-childhood-studies.html
https://storage-prtl-co.imgix.net/endor/studies/340594/covers/1782473213_malta-cover.png,University of Malta,M.A.,Community Action and Development,Malta,"Msida, Malta",Msida,"EUR 5,400/year (International); EUR 1,600/year (EU/EEA)",Not specified,36 months,Not specified,October 2027,"July 1, 2027 (International); July 22, 2027 (National); July 22, 2027 (EEA/EU)",Lower Second Class Honours or Category II: required; Minimum 2 years' experience in community setting: required; Personal interview demonstrating aptitude and disposition: required,Bachelor degree from recognized higher education institution in relevant area of study with at least Second Class Honours or Category II; Minimum 2 years' experience working in community setting; Successful personal interview,Part-time (Format); Community Development (Subject Area); Social Sciences (Discipline); Public Policy (Discipline); Sociology (Discipline); On Campus (Format); English-taught,https://www.mastersportal.com/studies/340516/community-action-and-development.html
https://storage-prtl-co.imgix.net/endor/studies/340594/covers/1782473206_malta-cover.png,University of Malta,M.Sc.,Communication Therapy,Malta,"Msida, Malta",Msida,"EUR 13,400/year (International); Free (EU/EEA, plus EUR 400/year annual enrollment fee)",Not specified,18 months,Not specified,"October 5, 2026; October 5, 2027","July 22, 2026 (National); July 1, 2027 (International)","Bachelor of Science (Honours) with at least Second Class honours from Faculty of Health Sciences in related field: required; Bachelor's degree with Second Class honours in closely related discipline: alternative route; equivalent qualification deemed by Senate: alternative route; GPA: Lower Second Class; English proficiency: TOEFL IBT 95, PTE Academic 71, IELTS 6.5",Applicants must be in possession of relevant Bachelor degree with minimum Second Class (Honours) in related area of study,Research-focused (Format): dissertation-based; On Campus (Format),https://www.mastersportal.com/studies/340518/communication-therapy.html
https://storage-prtl-co.imgix.net/endor/studies/340517/covers/1782471127_malta-cover.png,University of Malta,M.Sc.,Civil Engineering,Malta,"Msida, Malta",Msida,"EUR 8,933/year (International); Free (EU/EEA, plus EUR 400/year annual enrollment fee)",Not specified,18 months,Not specified,"October 4, 2027","July 1, 2027 (International); July 22, 2027 (National); July 22, 2027 (EEA/EU)",GPA: Lower Second Class; English proficiency: TOEFL IBT 95 OR PTE Academic 71 OR IELTS 6.5,Applicants in possession of a first cycle degree classified with Third Class Honours or Category III may also be allowed to join the Course provided that they are first admitted into a Preparatory Programme,Research-focused (Format): by-research M.Sc.; Transportation Engineering (Focus Option); Hydrology (Focus Option); Structural Engineering (Focus Option); Materials and Pavements (Focus Option); Dissertation-based; 90 ECTS credits,https://www.mastersportal.com/studies/340519/civil-engineering.html
https://storage-prtl-co.imgix.net/endor/studies/340520/covers/1782989374_malta-cover.png,University of Malta,Master,Youth and Community Studies,Malta,"Msida, Malta",Msida,"EUR 1,600/year (EU/EEA); EUR 5,400/year (International)",Not specified,"36 months (3 years, part-time)",Not specified,"October 5, 2026; October 5, 2027","July 22, 2026 (National); July 1, 2027 (International)",Bachelor of Arts (Honours) in Youth and Community Studies: alternative route; Bachelor of Arts in Youth and Community Studies (pre-2004): alternative route; Honours degree from University of Malta or equivalent institution in relevant area with minimum 2 years' experience in youth/community setting: alternative route; GPA: Lower Second Class; English proficiency: TOEFL IBT 95 OR PTE Academic 71 OR IELTS 6.5,"Interview required for applicants meeting the relevant-experience criterion to demonstrate academic background, professional aptitude, and disposition",Part-time (Format): 36-month programme; On Campus (Format): Msida location; Public Policy (Discipline); Psychology (Discipline); Sociology (Discipline),https://www.mastersportal.com/studies/340520/youth-and-community-studies.html
https://storage-prtl-co.imgix.net/endor/studies/340560/covers/1782476568_malta-cover.png,University of Malta,MA,Conflict Resolution and Mediterranean Security,Malta,"Msida, Malta",Msida,"EUR 9,666/year",Not specified,18 months,Not specified,"October 4, 2027","July 1, 2027 (International); July 22, 2027 (National/EEA/EU)",GPA: Lower Second Class (Honours) or better; English proficiency: TOEFL IBT 95 OR PTE Academic 71 OR IELTS 6.5; First cycle degree with Second Class (Honours) or equivalent classification: required,First cycle degree with Second Class (Honours) or better classification required,Dual Degree (Programme Type): MSc Conflict Analysis and Resolution from George Mason University + MA from University of Malta; 90 ECTS credits; International Relations (Discipline); Political Science (Discipline); Terrorism & Security (Discipline),https://www.mastersportal.com/studies/340521/conflict-resolution-and-mediterranean-security.html
https://storage-prtl-co.imgix.net/endor/studies/340560/covers/1782476605_malta-cover.png,University of Malta,M.A.,Criminology,Malta,"Msida, Malta",Msida,"EUR 5,400 (International, Year 1 of 2 - Yr2: 5,400); EUR 1,560/year (EU/EEA)",Not specified,30 months (part-time),Not specified,"October 4, 2027","July 1, 2027 (International); July 22, 2027 (National/EEA/EU)",GPA: Lower Second Class; English requirement - TOEFL IBT 95 OR PTE Academic 71 OR IELTS 6.5; Bachelor degree with at least Second Class Honours in relevant area,90 ECTS credits over 5 semesters; Dissertation; Research Methods courses,90 ECTS credits; On Campus; Scholarships available; Top 5% worldwide (ranking),https://www.mastersportal.com/studies/340560/criminology.html
https://storage-prtl-co.imgix.net/endor/studies/340520/covers/1782989355_malta-cover.png,University of Malta,M.A.,Tourism and Culture,Malta,"Msida, Malta",Msida,"EUR 1,920/year (EU/EEA); EUR 5,400 (International, Year 1 of 2 - Yr2: 5,400)",Not specified,30 months (part-time),Not specified,October 2026; October 2027,"July 22, 2026 (National); July 1, 2027 (International)",GPA: Lower Second Class; TOEFL IBT: 95 OR PTE Academic: 71 OR IELTS: 6.5; Bachelor degree with at least Second Class Honours in Tourism Studies or related areas,90 ECTS credits; English language proficiency; Bachelor's degree from recognized university,90 ECTS credits; On Campus; Scholarships available; Top 5% worldwide (ranking),https://www.mastersportal.com/studies/340584/tourism-and-culture.html
https://storage-prtl-co.imgix.net/endor/studies/340735/covers/1782824721_malta-cover.png,University of Malta,M.A.,International Hospitality and Tourism Experience Management,Malta,"Msida, Malta",Msida,"EUR 1,920/year (EU/EEA); EUR 5,400 (International, Year 1 of 2 - Yr2: 5,400)",Not specified,30 months (part-time),Not specified,October 2026; February 2027; June 2027,Not specified; 2027-01-30; Not specified,GPA: Lower Second Class; TOEFL IBT: 95; PTE Academic: 71; IELTS: 6.5,Bachelor degree with at least Second Class Honours or Category II in Tourism Studies or related areas; or Bachelor degree with Third Class Honours or Category III plus additional qualifications and relevant experience,90 ECTS credits; On Campus; Scholarships available; Top 5% worldwide (ranking),https://www.mastersportal.com/studies/340593/international-hospitality-and-tourism-experience-management.html
https://storage-prtl-co.imgix.net/endor/studies/340594/covers/1782473220_malta-cover.png,University of Malta,M.Sc.,Information Systems,Malta,"Msida, Malta",Msida,8933 EUR / year (International); Free (EU/EEA),"EUR 400 (Annual Enrolment Fee, Local/EU/EEA)",18 months,Not specified,October (2027-10-04),International: 2027-07-01; National: 2027-07-22; EEA/EU: 2027-07-22,"GPA: Lower Second Class; Bachelor degree at Level 6 on Malta Qualifications Framework with Second Class Honours or Category II in ICT, Engineering, or related field, OR Third Class with additional qualifications/work experience, OR any other Honours degree with Second Class minimum; English: TOEFL iBT 95 OR PTE Academic 71 OR IELTS 6.5",Not specified,90 ECTS credits; On Campus; Scholarships available; Top 5% worldwide (ranking),https://www.mastersportal.com/studies/340594/information-systems.html
https://storage-prtl-co.imgix.net/endor/studies/340598/covers/1782908288_malta-cover.png,University of Malta,M.Sc.,Project Management,Malta,"Msida, Malta",Msida,"6,700 EUR (International, Year 1 of 2 - Yr2: 6,700, Yr3: Free); 3,000 EUR/year (EU/EEA)",Not specified,30 months (Part-time),Not specified,October 2026; February 2027; June 2027,"Not specified; January 30, 2027; Not specified","GPA: Lower Second Class; TOEFL IBT: 95 OR PTE Academic: 71 OR IELTS: 6.5; General requirements: First cycle degree from University of Malta with at least Second Class Honours in related disciplines (Accountancy, Architecture, Built Environment, Civil/Structural Engineering, Economics, Engineering, Law, Management) OR Third Class with additional qualifications/3+ years relevant experience OR professional chartered institution membership OR comparable qualification with 10+ years construction management experience",Not specified,90 ECTS credits; On Campus; Scholarships available; Taught in English,https://www.mastersportal.com/studies/340598/project-management.html
https://storage-prtl-co.imgix.net/endor/studies/294064/covers/1782389980_malta-cover.png,University of Malta,M.F.A.,Architecture,Malta,"Msida, Malta",Msida,8933 EUR / year (International); Free (EU/EEA),"EUR 400 (Annual Enrolment Fee, Local/EU/EEA)",18 months,Not specified,October 2027,"July 1, 2027 (International); July 22, 2027 (National); July 22, 2027 (EEA/EU)",GPA: Lower Second Class; English requirement: TOEFL IBT 95 OR PTE Academic 71 OR IELTS 6.5,"First cycle degree with at least Second Class Honours in fine arts, visual arts, architecture, conservation or related area with minimum 180 ECTS credits obtained within 10 years prior to registration; competence demonstration may be required via extended interview and documentation submission",Scholarships available (Funding); Top 5% worldwide (Ranking),https://www.mastersportal.com/studies/340607/architecture.html
https://storage-prtl-co.imgix.net/endor/studies/340560/covers/1782476584_malta-cover.png,University of Malta,M.Sc.,Construction,Malta,"Msida, Malta",Msida,8933 EUR / year (International); Free (EU/EEA),"EUR 400 (Annual Enrolment Fee, Local/EU/EEA)",18 months,Not specified,October 2027,International: 01 Jul 2027; EEA/EU: 22 Jul 2027,GPA: Lower Second Class; First cycle degree at Level 6 on Malta Qualifications Framework with minimum 180 ECTS credits classified at least Second Class Honours or Category II,TOEFL IBT: 95; PTE Academic: 71; IELTS: 6.5,Scholarships available (Funding); Top 5% worldwide (Ranking),https://www.mastersportal.com/studies/340609/construction.html
https://storage-prtl-co.imgix.net/endor/studies/293825/covers/1782470940_malta-cover.png,University of Malta,M.Sc.,Biomedical Sciences (Microbiology),Malta,"Msida, Malta",Msida,"8933 EUR/year (International, Full-time); 6,700 EUR/year Yr1-2 (International, Part-time; Yr3 Free); Free (EU/EEA)","EUR 400 (Annual Enrolment Fee, Local/EU/EEA)",18 months (full-time); 36 months (part-time),Not specified,October 2027,"July 1, 2027 (International); July 22, 2027 (National/EEA/EU)",GPA: Lower Second Class; TOEFL IBT: 95 OR PTE Academic: 71 OR IELTS: 6.5; Degree of Doctor of Medicine and Surgery OR Bachelor of Dental Surgery OR Master of Dental Surgery OR relevant degree with at least Second Class (Honours),90 ECTS credits,Scholarships available; Top 5% worldwide (Studyportals University Meta Ranking),https://www.mastersportal.com/studies/340612/biomedical-sciences.html
https://storage-prtl-co.imgix.net/endor/studies/293825/covers/1782470926_malta-cover.png,University of Malta,M.Sc.,Biomedical Sciences (Cell Therapy and Tissue Banking),Malta,"Msida, Malta",Msida,6700 EUR (non-EU/EEA); Free (EU/EEA),400 EUR (local/EU/EEA annual enrolment fee),36 months (part-time),Not specified,October 2027,"July 1, 2027 (International); July 22, 2027 (National/EEA/EU)",GPA: Lower Second Class; TOEFL IBT: 95 OR PTE Academic: 71 OR IELTS: 6.5; Bachelor's degree from relevant discipline or equivalent professional qualification,Doctor of Medicine and Surgery OR Bachelor of Dental Surgery OR Master of Dental Surgery OR Bachelor's degree in relevant field with Second Class Honours minimum,Scholarships available; Top 5% worldwide (Studyportals University Meta Ranking),https://www.mastersportal.com/studies/340613/biomedical-sciences.html
https://storage-prtl-co.imgix.net/endor/studies/293825/covers/1782470934_malta-cover.png,University of Malta,M.Sc.,Biomedical Sciences (Haematology),Malta,"Msida, Malta",Msida,"13,400 EUR (International, Year 1 - Yr2: Free); Free (EU/EEA)",400 EUR (Local/EU/EEA annual enrolment fee),36 months,Not specified,October 2027,International: 2027-07-01; National: 2027-07-22; EEA/EU: 2027-07-22,"Doctor of Medicine and Surgery or Bachelor of Dental Surgery or Master of Dental Surgery or relevant degree area with at least Second Class Honours (including BSc, BPharm, BSc Pharmaceutical Science, BPsych Honours); Faculty Board may admit applicants with relevant qualifications and experience completing preparatory programme",GPA: Lower Second Class; TOEFL IBT: 95; PTE Academic: 71; IELTS: 6.5,Scholarship Available (Funding); Top 5% worldwide (Ranking),https://www.mastersportal.com/studies/340614/biomedical-sciences.html
https://storage-prtl-co.imgix.net/endor/studies/293825/covers/1782470969_malta-cover.png,University of Malta,M.Sc.,Biomedical Sciences (Molecular Biology and Genetics),Malta,"Msida, Malta",Msida,"EUR 13,400 (International, Year 1 - Yr2: Free); Free (EU/EEA)","EUR 400 (Annual Enrolment Fee, EU/EEA/Local)",36 months (part-time),Not specified,"October 4, 2027","July 1, 2027 (International); July 22, 2027 (National/EEA/EU)",GPA - Lower Second Class; TOEFL IBT - 95 OR PTE Academic - 71 OR IELTS - 6.5; Doctor of Medicine and Surgery OR Bachelor of Dental Surgery OR Master of Dental Surgery OR relevant degree with at least Second Class Honours,"Applicants must possess Doctor of Medicine and Surgery, Bachelor of Dental Surgery, Master of Dental Surgery, or relevant degree with minimum Second Class Honours",Scholarships available (Funding); Top 5% worldwide (Ranking),https://www.mastersportal.com/studies/340616/biomedical-sciences.html
https://storage-prtl-co.imgix.net/endor/studies/294029/covers/1782730641_malta-cover.png,University of Malta,M.A.,Geography,Malta,"Msida, Malta",Msida,7200 EUR / year (International); Free (EU/EEA),Not specified,18 months,Not specified,October 2026; February 2027,22 July 2026; 30 January 2027,GPA: Lower Second Class; TOEFL IBT: 95; PTE Academic: 71; IELTS: 6.5; Bachelor of Arts (Honours) with Second Class or better in same/related field OR Bachelor of Arts with average mark of not less than 55% OR comparable degree from recognized university,"Applicants must possess one of the listed qualifications (Bachelor of Arts Honours with Second Class or better, Bachelor of Arts with 55%+ average, or comparable degree)",Scholarships available (Funding); Top 5% worldwide (Ranking),https://www.mastersportal.com/studies/340633/geography.html
https://storage-prtl-co.imgix.net/endor/studies/340598/covers/1782908264_malta-cover.png,University of Malta,M.Sc.,Pharmacotoxicology,Malta,"Msida, Malta",Msida,EU/EEA: 3750 EUR/year; Non-EU: 6700 EUR/year,Not specified,24 months (part-time),Not specified,October 2026; February 2027; June 2027,"Not specified; January 30, 2027; Not specified",GPA: Lower Second Class; English (TOEFL iBT: 95; PTE: 71; IELTS: 6.5),"Degree of Doctor of Medicine and Surgery OR Master of Dental Surgery OR Master of Pharmacy OR Allied Health Sciences degree with pharmacology component (Second Class Honours+) OR Bachelor's in Medical Biochemistry, Pharmaceutical Science, Pharmacology with pharmacology component (Second Class Honours+)",Scholarships available (Funding); On Campus (Delivery); English language (Instruction),https://www.mastersportal.com/studies/340641/pharmacotoxicology.html
https://storage-prtl-co.imgix.net/endor/studies/340651/covers/1782476843_malta-cover.png,University of Malta,M.Sc.,Diabetes Care,Malta,"Msida, Malta",Msida,"EUR 6,700 (International, Year 1 of 2 - Yr2: 6,700, Yr3: Free); EUR 2,500/year (EU/EEA)",Not specified,36 months (part-time),Not specified,October 2027,"International: July 1, 2027; National/EEA: July 22, 2027",GPA: Lower Second Class; English language: TOEFL IBT 95 OR PTE Academic 71 OR IELTS 6.5,Doctor of Medicine and Surgery OR Bachelor of Dental Surgery OR Master of Dental Surgery (from July 2018 onwards) OR Bachelor of Pharmacy (Honours) with Second Class minimum OR Master of Pharmacy OR Bachelor of Science (Honours) with Second Class minimum in suitable area OR equivalent qualification approved by Senate,Scholarships available (Funding); Top 5% worldwide (Recognition),https://www.mastersportal.com/studies/340651/diabetes-care.html
https://storage-prtl-co.imgix.net/endor/studies/340074/covers/1782389280_malta-cover.png,University of Malta,Master,Access to Education in Culturally Responsive Education,Malta,"Msida, Malta",Msida,"EUR 5,400 (International, Year 1 of 2 - Yr2: 5,400, Yr3: Free); EUR 1,600/year (EU/EEA)",Not specified,36 months (part-time),Not specified,October 2027,"July 22, 2027 (National/EEA); July 1, 2027 (International)","GPA: Lower Second Class; TOEFL IBT: 95 or PTE Academic: 71 or IELTS: 6.5; First cycle degree in Psychology/Education/Communication Therapy/Social Work/Youth/Community Studies/Occupational Therapy/Physiotherapy/Nursing with minimum 1 year work experience, OR first cycle degree with Postgraduate Certificate in Education plus 1 year education experience, OR teacher's certificate with 5+ years teaching experience, OR first cycle degree with recognized teaching qualification plus 3 years education setting experience",Not specified,Scholarships available (Funding); 90 ECTS (Program Structure),https://www.mastersportal.com/studies/340708/access-to-education-in-culturally-responsive-education.html
https://storage-prtl-co.imgix.net/endor/studies/340742/covers/1782912662_malta-cover.png,University of Malta,M.A.,Theatre Studies,Malta,"Msida, Malta",Msida,"€10,800 (International, Year 1 - Yr2: Free); Free (EU/EEA)","EUR 400 (Annual Enrolment Fee, EU/EEA)",18 months,Not specified,October 2026; October 2027,"July 22, 2026 (National); July 1, 2027 (International)","GPA: Lower Second Class; Bachelor's degree in same or closely related area with Second Class (Honours) or better, or equivalent qualification",TOEFL IBT: 95; PTE Academic: 71; IELTS: 6.5,Scholarships available (Funding); On Campus; 90 ECTS; Top 5% worldwide,https://www.mastersportal.com/studies/340742/theatre-studies.html
https://storage-prtl-co.imgix.net/endor/studies/293900/covers/1782823763_malta-cover.png,University of Malta,M.A.,Humanitarian Action,Malta,"Msida, Malta",Msida,"10,800 EUR (International, Year 1 - Yr2: Free); 3,200 EUR/year (EU/EEA)",Not specified,18 months,Not specified,October 2026; February 2027; June 2027,"Not specified; January 30, 2027; Not specified",Lower Second Class honours degree in same/related field; OR Bachelor of Arts degree with average mark of not less than 55% in relevant area; OR comparable degree from recognized university; TOEFL IBT: 95; PTE Academic: 71; IELTS: 6.5,GPA Lower Second Class; TOEFL IBT 95 OR PTE Academic 71 OR IELTS 6.5,Scholarships available (Funding); On Campus (Delivery); English-taught (Language),https://www.mastersportal.com/studies/340794/humanitarian-action.html
https://storage-prtl-co.imgix.net/endor/studies/340735/covers/1782824726_malta-cover.png,University of Malta,M.A.,International Humanitarian Action,Malta,"Msida, Malta",Msida,6000 EUR / year,Not specified,24 months,Not specified,October 2026; February 2027; June 2027,"Not specified; January 30, 2027; Not specified","GPA: Lower Second Class; TOEFL IBT: 95 OR PTE Academic: 71 OR IELTS: 6.5; General requirements: A first cycle degree with at least Second Class (Honours), minimum of three years and 180 ECTS credits; Language demonstration required",First cycle degree with Second Class (Honours) minimum; 180 ECTS minimum; 3-year minimum duration; Satisfactory language proficiency demonstration,Scholarships available; 120 ECTS credits offered,https://www.mastersportal.com/studies/340798/international-humanitarian-action.html
https://storage-prtl-co.imgix.net/endor/studies/340807/covers/1782477020_malta-cover.png,University of Malta,M.F.A.,Digital Arts,Malta,"Msida, Malta",Msida,10800 EUR / year (International); Free (EU/EEA),"EUR 400 (Annual Enrolment Fee, EU/EEA)",18 months,Not specified,October 2027,"July 22, 2027 (National); July 1, 2027 (International); July 22, 2027 (EEA/EU)",GPA: Lower Second Class; Bachelor's degree with at least Second Class (Honours) or Category II placement in Creative Arts/Media or relevant area with substantial portfolio; professional qualification/experience deemed relevant by Senate with portfolio,English proficiency - TOEFL IBT 95 OR PTE Academic 71 OR IELTS 6.5; 120 ECTS credits; Full-time delivery,Scholarships available; Top 5% worldwide (Studyportals University Meta Ranking),https://www.mastersportal.com/studies/340807/digital-arts.html
https://storage-prtl-co.imgix.net/endor/studies/340517/covers/1782471114_malta-cover.png,University of Malta,M.A.,Catholic School Leadership,Malta,"Msida, Malta",Msida,"EUR 5,400 (International, Year 1 of 2 - Yr2: 5,400, Yr3: Free); EUR 1,600/year (EU/EEA)",Not specified,36 months (part-time),Not specified,October 2027,"July 1, 2027 (International); July 22, 2027 (National/EEA/EU)",Lower Second Class academic qualification; degree in education with Third Class Honours or equivalent plus 3+ years teaching experience; or any degree with Third Class Honours plus recognised teaching qualification and 3+ years experience; or education degree/Teacher's Certificate plus 3+ years experience; TOEFL IBT 95 or PTE Academic 71 or IELTS 6.5,TOEFL IBT 95; PTE Academic 71; IELTS 6.5; GPA Lower Second Class; 3+ years teaching experience in education setting,Scholarships available (Financial Aid),https://www.mastersportal.com/studies/340843/catholic-school-leadership.html
https://storage-prtl-co.imgix.net/endor/studies/340844/covers/1782389520_malta-cover.png,University of Malta,M.A.,Applied Linguistics and Teaching of English to Speakers of Other Languages,Malta,"Msida, Malta",Msida,3200 EUR / year,Not specified,18 months,Not specified,"October 4, 2027","July 1, 2027 (International); July 22, 2027 (National/EEA-EU)",Bachelor degree in English or relevant area with at least 500 hours teaching experience OR Malta Qualifications Framework Level 4 in TESOL or higher OR Bachelor degree with MQF Level 4 English/IELTS 7 and 1000 teaching hours OR completion of University of Malta Certificate in ELT if no teaching experience,TOEFL IBT 95 OR PTE Academic 71 OR IELTS 7; Bachelor degree from recognized institution; Teaching experience or TESOL qualification as specified,"Language Studies, Teaching, Linguistics, TESOL",https://www.mastersportal.com/studies/340844/applied-linguistics-and-teaching-of-english-to-speakers-of-other-languages.html
https://storage-prtl-co.imgix.net/endor/studies/340845/covers/1782729810_malta-cover.png,University of Malta,M.A.,Environmental Ethics,Malta,"Msida, Malta",Msida,5400 EUR / year (International); 1600 EUR / year (EU/EEA),Not specified,36 months,Not specified,"October 5, 2026; February 9, 2027; June 8, 2027","January 30, 2027 (for February 2027 intake); others not specified","Lower Second Class Honours GPA requirement; Bachelor degree with at least Second Class Honours or Category II, or Third Class Honours with additional qualifications",TOEFL IBT 95; IELTS 6.5; PTE Academic 71; English language proficiency required,"Environmental Sciences, Ethics",https://www.mastersportal.com/studies/340845/environmental-ethics.html
https://storage-prtl-co.imgix.net/endor/studies/341041/covers/1782822518_malta-cover.png,University of Malta,M.A.,History of Art,Malta,"Msida, Malta",Msida,7200 EUR / year (International); Free (EU/EEA),EUR 400 (annual enrollment fee for local/EU/EEA applicants),18 months,Not specified,"October 5, 2026; February 9, 2027; June 8, 2027",Not specified (October start); 2027-01-30 (February start); Not specified (June start),Bachelor of Arts (Honours) with Second Class or better in same or closely related area; Bachelor of Arts in same or closely related area with average mark of not less than 55%; comparable degree from this or another university,GPA Lower Second Class; TOEFL IBT 95 OR PTE Academic 71 OR IELTS 6.5,"Art History, History of Art, Humanities",https://www.mastersportal.com/studies/341041/history-of-art.html
https://storage-prtl-co.imgix.net/endor/studies/340497/covers/1782730163_malta-cover.png,University of Malta,M.A.,Film Studies,Malta,"Msida, Malta",Msida,"EU/EEA: 1,600 EUR/year; International: 5,400 EUR/year",Not specified,36 months (part-time),Not specified,"October 5, 2026; February 9, 2027; June 8, 2027","January 30, 2027 (for February 2027 intake); other deadlines not specified",Lower Second Class honours in same or closely related area OR Bachelor of Arts with average mark >=55% in field OR comparable degree from another institution; TOEFL IBT >=95 OR PTE Academic >=71 OR IELTS >=6.5,Bachelor of Arts Honours with Second Class or better in same/related field; OR Bachelor of Arts with >=55% average in field; OR comparable university degree; TOEFL IBT 95 minimum OR PTE 71 minimum OR IELTS 6.5 minimum,"Film Studies, Journalism & Media",https://www.mastersportal.com/studies/341112/film-studies.html
https://storage-prtl-co.imgix.net/endor/studies/341041/covers/1782822505_malta-cover.png,University of Malta,M.Sc.,Health Systems Management and Leadership,Malta,"Msida, Malta",Msida,"EUR 6,700 (non-EU); Free (EU/EEA)",EUR 400 (annual enrollment fee for local/EU/EEA applicants),36 months (part-time),Not specified,"October 5, 2026; February 9, 2027; June 8, 2027","Not specified (October intake); January 30, 2027 (February intake); Not specified (June intake)",Bachelor of Science (Honours) with at least Second Class (Honours) from Faculty of Health Sciences in related discipline OR Bachelor's degree with at least Second Class (Honours) in closely related discipline OR qualification deemed equivalent by Senate,GPA: Lower Second Class; TOEFL IBT: 95 OR PTE Academic: 71 OR IELTS: 6.5; English proficiency documented via standardized test,"Health Administration, Health Informatics, Leadership",https://www.mastersportal.com/studies/341117/health-systems-management-and-leadership.html
https://storage-prtl-co.imgix.net/endor/studies/340735/covers/1782824738_malta-cover.png,University of Malta,M.A.,Islands and Small States Studies,Malta,"Msida, Malta",Msida,EUR 1920/year (EU/EEA); EUR 4320/year (International),Not specified,30 months (part-time),Not specified,"October 5, 2026; February 9, 2027; June 8, 2027","Not specified (October start); January 30, 2027 (February start); Not specified (June start)",Bachelor's degree with at least Second Class (Honours) or Category II in relevant area; GPA minimum Lower Second Class; TOEFL IBT 95 or PTE 71 or IELTS 6.5,Bachelor's degree with Second Class Honours minimum; relevant field of study required; exceptional cases may allow non-degree holders with comparable qualifications,"Area & Cultural Studies, Political Science",https://www.mastersportal.com/studies/341118/islands-and-small-states-studies.html
https://storage-prtl-co.imgix.net/endor/studies/340735/covers/1782824716_malta-cover.png,University of Malta,M.Sc.,Integrated Product Development,Malta,"Msida, Malta",Msida,EU/EEA: 2500 EUR/year; International: 6700 EUR/year,Not specified,36 months,Not specified,"October 5, 2026; February 9, 2027; June 8, 2027","January 30, 2027 (for Feb 2027 intake); others not specified",Bachelor of Engineering (Honours) with at least Second Class Honours OR Bachelor of Science (Honours) with at least Second Class Honours in appropriate areas; TOEFL IBT 95 OR PTE Academic 71 OR IELTS 6.5,Bachelor of Engineering (Honours) degree minimum Second Class Honours OR equivalent Bachelor of Science (Honours) degree in approved areas OR Senate-approved equivalent qualification; Lower Second Class GPA,"Sustainable Development, Production and Manufacturing Engineering",https://www.mastersportal.com/studies/341119/integrated-product-development.html
https://storage-prtl-co.imgix.net/endor/studies/341127/covers/1782827857_malta-cover.png,University of Malta,M.Sc.,Microelectronics and Microsystems,Malta,"Msida, Malta",Msida,6700 EUR / year (International); Free (EU/EEA),Not specified,30 months,Not specified,"October 5, 2026; February 9, 2027; June 8, 2027","Not specified for October 2026 intake; January 30, 2027 for February 2027 intake; Not specified for June 2027 intake","Bachelor degree at Level 6 on Malta Qualifications Framework with at least Second Class Honours in ICT, engineering, or related field; TOEFL IBT 95; PTE Academic 71; IELTS 6.5",Lower Second Class GPA or equivalent; 90 ECTS credits; Relevant undergraduate degree in ICT or Engineering,"Electronics & Embedded Technology, Electrical Engineering",https://www.mastersportal.com/studies/341127/microelectronics-and-microsystems.html
https://storage-prtl-co.imgix.net/endor/studies/340844/covers/1782389480_malta-cover.png,University of Malta,MTL,Agribusiness - Technology-Enhanced Learning,Malta,"Msida, Malta",Msida,10800 EUR/year (International); Free (EU/EEA),Not specified,24 months,Not specified,"October 4, 2027","July 1, 2027 (International); July 22, 2027 (National/EEA/EU)",Lower Second Class (Honours) or Category II; First cycle degree with minimum 70 ECTS credits in relevant area; Police Good Conduct Certificate; Not included in Register under Protection of Minors Act,First cycle degree obtained with at least Second Class (Honours) or Category II; Police Good Conduct Certificate issued by Commissioner of Police; Not included in Protection of Minors Register; TOEFL IBT 95 OR PTE Academic 71 OR IELTS 6.5,"Education, Educational Research, Agribusiness",https://www.mastersportal.com/studies/341128/agribusiness-technology-enhanced-learning.html
https://storage-prtl-co.imgix.net/endor/studies/293896/covers/1782827399_malta-cover.png,University of Malta,M.A.,Library and Information Sciences,Malta,"Msida, Malta",Msida,"EU/EEA: 1,600 EUR/year; International: 5,400 EUR/year",Not specified,36 months (part-time),Not specified,"October 5, 2026; February 9, 2027; June 8, 2027","January 30, 2027 (for Feb 2027 start); others not specified","First cycle degree with at least Second Class Honours or equivalent in Knowledge and Information Management, OR first cycle degree in any other subject with Second Class Honours minimum plus relevant qualifications/experience",Lower Second Class GPA; TOEFL IBT 95 OR PTE Academic 71 OR IELTS 6.5; English language proficiency,"Library Science, Information Technology (IT)",https://www.mastersportal.com/studies/341130/library-and-information-sciences.html
https://storage-prtl-co.imgix.net/endor/studies/341041/covers/1782822511_malta-cover.png,University of Malta,M.A.,"Health, Medicine and Society",Malta,"Msida, Malta",Msida,"EU/EEA: €1,920/year; International: €4,320/year",Not specified,30 months (part-time),Not specified,"October 5, 2026; February 9, 2027; June 8, 2027","January 30, 2027 (for February intake); others not specified",Lower Second Class academic requirement; OR Third Class Honours or Category III with other qualifications including relevant experience,First cycle degree with at least Second Class Honours or Category II; IELTS 6.5; TOEFL IBT 95; PTE Academic 71,"Sociology, Medicine, Health Sciences",https://www.mastersportal.com/studies/341132/health-medicine-and-society.html
https://storage-prtl-co.imgix.net/endor/studies/340710/covers/1782908501_malta-cover.png,University of Malta,M.Sc.,Public Health,Malta,"Msida, Malta",Msida,5360 EUR / year (International); 3000 EUR / year (EU/EEA),Not specified,30 months (part-time),Not specified,"September 29, 2026; September 29, 2027",2026-07-24 (EEA/EU); 2027-07-01 (International),"Bachelor degree from University of Malta or another recognised higher education institution, obtained with at least Second Class (Honours), in any area deemed relevant by the Faculty Board",GPA Lower Second Class; TOEFL IBT 95 OR PTE Academic 71 OR IELTS 6.5,Public Health,https://www.mastersportal.com/studies/341133/public-health.html
https://storage-prtl-co.imgix.net/endor/studies/341127/covers/1782827849_malta-cover.png,University of Malta,M.Sc.,Mental Health Studies,Malta,"Msida, Malta",Msida,4466 EUR/year (International); 2500 EUR/year (EU/EEA),Not specified,36 months (part-time),Not specified,"September 30, 2026","July 20, 2026",Valid registration/licence with relevant professional council; First cycle qualification or higher from recognized institution with at least Second Class (Honours) or equivalent in: Communication Therapy; Counselling; Education; Medicine; Midwifery; Nursing; Occupational Therapy; Psychiatric Nursing; Psychology; Psychotherapy; Social Work; Youth Work; or other area deemed suitable by Board of Studies,GPA: Lower Second Class; IELTS: 6.5 or TOEFL IBT: 95; English language proficiency required,"Psychology, Clinical Psychology",https://www.mastersportal.com/studies/341146/mental-health-studies.html
https://storage-prtl-co.imgix.net/endor/studies/294070/covers/1782827622_malta-cover.png,University of Malta,M.Sc.,Mental Health Nursing,Malta,"Msida, Malta",Msida,"EUR 6,700 (non-EU/EEA); Free (EU/EEA with EUR 400 annual enrollment fee)",EUR 400 (annual enrollment fee for local/EU/EEA applicants),36 months (part-time),Not specified,"October 5, 2026; February 9, 2027; June 8, 2027","Not specified (October intake); January 30, 2027 (February intake); Not specified (June intake)",Bachelor's degree obtained with at least Second Class Honours in an area of study deemed suitable; comparable degree from this or another university,Lower Second Class GPA; TOEFL IBT 95 OR PTE Academic 71 OR IELTS 6.5,"Nursing, Clinical Psychology",https://www.mastersportal.com/studies/341147/mental-health-nursing.html
https://storage-prtl-co.imgix.net/endor/studies/293934/covers/1782912511_malta-cover.png,University of Malta,Not specified,Surgery,Malta,"Msida, Malta",Msida,EU/EEA: 1900 EUR/year; International: 6700 EUR/year,Not specified,36 months (part-time),Not specified,"October 5, 2026; October 5, 2027","July 22, 2026 (National); July 1, 2027 (International)",Doctor of Medicine and Surgery degree OR qualification deemed equivalent by Senate recommendation,Doctor of Medicine and Surgery degree OR equivalent qualification; TOEFL IBT 95 OR PTE Academic 71 OR IELTS 6.5,"Medicine, Biology, Health Sciences",https://www.mastersportal.com/studies/341148/surgery.html
https://storage-prtl-co.imgix.net/endor/studies/340710/covers/1782908489_malta-cover.png,University of Malta,M.Sc.,Psychological Studies,Malta,"Msida, Malta",Msida,6700 EUR/year (International); 1900 EUR/year (EU/EEA),Not specified,36 months,Not specified,"October 5, 2026; February 9, 2027; June 8, 2027","Not specified for October 2026 intake; January 30, 2027 for February 2027 intake; not specified for June 2027",Bachelor degree in Psychology with at least Second Class Honours (Upper Division) OR related field with same classification,Upper Second Class GPA; TOEFL IBT 95 OR PTE Academic 71 OR IELTS 6.5; Bachelor degree in Psychology or related area with minimum Upper Second Class Honours,"Psychology, Social Sciences, Research Methods",https://www.mastersportal.com/studies/341150/psychological-studies.html
https://storage-prtl-co.imgix.net/endor/studies/340598/covers/1782908277_malta-cover.png,University of Malta,MTL,Physical Education,Malta,"Msida, Malta",Msida,"10,800 EUR/year (International); Free (EU/EEA)",Not specified,24 months (full-time),Not specified,"October 5, 2026; February 9, 2027; June 8, 2027","January 30, 2027 (for Feb 2027 intake); others not specified",Lower Second Class GPA; TOEFL IBT 95 OR PTE Academic 71 OR IELTS 6.5; Police Good Conduct Certificate; not included in Protection of Minors Register,"First cycle degree with minimum 70 ECTS in sport/physical education; minimum 10 ECTS in practical content covering individual sports, team sports, and fundamental motor skills","Sport and Exercise Science, Education",https://www.mastersportal.com/studies/341241/physical-education.html
https://storage-prtl-co.imgix.net/endor/studies/293896/covers/1782827406_malta-cover.png,University of Malta,M.Sc.,Marketing,Malta,"Msida, Malta (Year 1); Roma, Italy (Year 2)",Msida; Roma,"EUR 10,800/year (International); EUR 5,000/year (EU/EEA)",Not specified,24 months,Not specified,"October 5, 2026; February 9, 2027; June 8, 2027","Not specified for October intake; January 30, 2027 for February intake; Not specified for June intake","Bachelor degree with minimum 180 ECTS credits and Upper Second Class (Honours) or Category IIA in Business Administration, Marketing, Management, Economics, or related Social Science field",GPA Upper Second Class; TOEFL IBT 95 OR PTE Academic 71 OR IELTS 6.5,"Marketing, Business & Management",https://www.mastersportal.com/studies/349417/marketing.html
https://storage-prtl-co.imgix.net/endor/organisations/23501/covers/1737110508_gbs-malta__students_scene-01-06-1.jpg,Global Banking School Malta,M.B.A.,Business Administration,Malta,"San Gwann, Malta",San Gwann,"10,000 EUR / year",Not specified,12 months (full-time),Not specified,"October 1, 2026; February 1, 2027; May 1, 2027",Apply anytime,Possess equivalent of good UK honours degree (2:2 or above); OR possess UK degree below 2:2 with aptitude/relevant work/management experience; OR possess appropriate professional body qualifications (ACCA/CIMA) equivalent to UK undergraduate degree,GPA: Lower Second Class; English: Duolingo 105 OR TOEFL IBT 60 OR PTE Academic 52 OR IELTS 6,Business Administration,https://www.mastersportal.com/studies/419826/business-administration.html
https://storage-prtl-co.imgix.net/endor/organisations/23501/covers/1737110508_gbs-malta__students_scene-01-06-1.jpg,Global Banking School Malta,M.B.A.,Master of Business Administration (Online),Malta,"San Gwann, Malta",San Gwann,"10,000 EUR / year",Not specified,12 months,Not specified,2026-10-01; 2027-02-01; 2027-05-01,Apply anytime,GPA requirement: Lower Second Class; Academic requirements: possess equivalent of good UK honours degree (2:2 or above); possess UK degree below 2:2 with evidence of aptitude and/or management experience; possess professional body qualifications (ACCA/CIMA) equivalent to UK undergraduate degree,Duolingo English Test: 105; PTE Academic: 52; IELTS: 6,"Business Administration, Online",https://www.mastersportal.com/studies/480382/master-of-business-administration.html
